condition,n,in_band_rate,lower_bound,upper_bound
overall,951,0.6088328075709779,7.484527142131904,19.750754150473526
two_strike,356,0.5898876404494382,7.484527142131904,19.750754150473526
